<Transplants>
  <portfolioElements/>
  <portfolios/>
  <strategyScheduleView>
    <agencyAssignmentActions>
      <AgencyAssignmentAction>
        <actionType>agencyAssign</actionType>
        <description></description>
        <locked>false</locked>
        <name>Ex1</name>
        <portfolioName>Australian Credit Data</portfolioName>
        <priority>2</priority>
        <agencyAssignmentRoles>
          <AgencyAssignmentRole>
            <priority>1</priority>
            <roleName>ANZ bank</roleName>
          </AgencyAssignmentRole>
        </agencyAssignmentRoles>
        <visible>true</visible>
      </AgencyAssignmentAction>
    </agencyAssignmentActions>
    <agentAssignmentActions/>
    <channelActions>
      <com.ozstrategy.vo.ChannelActionView>
        <description></description>
        <locked>true</locked>
        <name>c1</name>
        <portfolioId>320001</portfolioId>
        <actionType>Channel</actionType>
        <category></category>
        <channelVendor>
          <channelType>
            <locked>false</locked>
            <actionCode></actionCode>
            <description>Email Channel</description>
            <enableEvent>true</enableEvent>
            <name>Email</name>
          </channelType>
          <comments>CMC FlexConnect</comments>
          <name>CMC FlexConnect</name>
          <postalCode></postalCode>
          <vendorChannelResultCodes/>
          <vendorId>16</vendorId>
        </channelVendor>
        <criteria></criteria>
        <documentView>
          <active>true</active>
          <allowDialer>false</allowDialer>
          <allowDisclosure>false</allowDisclosure>
          <allowDocumentContent>true</allowDocumentContent>
          <allowEmail>true</allowEmail>
          <allowIVR>false</allowIVR>
          <allowLetter>true</allowLetter>
          <allowSMS>true</allowSMS>
          <allowWorkflow>true</allowWorkflow>
          <assignedPortfolios>320001</assignedPortfolios>
          <assignedPortfolioViews>
            <Portfolio>
              <acceptedProgramShortTerm>false</acceptedProgramShortTerm>
              <acceptProgramWithOutstandingPromise>false</acceptProgramWithOutstandingPromise>
              <active>true</active>
              <agentTimeZoneId>Australia/Sydney</agentTimeZoneId>
              <allowCallOnSaturday>false</allowCallOnSaturday>
              <allowCallOnSunday>false</allowCallOnSunday>
              <allowDynamicProgram>false</allowDynamicProgram>
              <allowMultiplePromises>false</allowMultiplePromises>
              <allowSplitPayment>false</allowSplitPayment>
              <allowSurvey>false</allowSurvey>
              <allowVisaDebit>true</allowVisaDebit>
              <allowVisaElectron>true</allowVisaElectron>
              <awAllowReacceptOffer>false</awAllowReacceptOffer>
              <awCancelOfferDeletePayment>false</awCancelOfferDeletePayment>
              <awDisplayAddressLine3>false</awDisplayAddressLine3>
              <awDisplayOffersDocuments>false</awDisplayOffersDocuments>
              <awDisplayOffersScore>false</awDisplayOffersScore>
              <awDisplayProvince>true</awDisplayProvince>
              <awInactiveAccountReadOnly>true</awInactiveAccountReadOnly>
              <awMaxDaysCreateFutureSendDateUnsecuredPromise>60</awMaxDaysCreateFutureSendDateUnsecuredPromise>
              <awMaxDaysCreatePastSendDateUnsecuredPromise>30</awMaxDaysCreatePastSendDateUnsecuredPromise>
              <awMaxDaysSendArrivalDateUnsecuredPromise>30</awMaxDaysSendArrivalDateUnsecuredPromise>
              <awReadOnly>false</awReadOnly>
              <cancelProgram>true</cancelProgram>
              <doNotContactApptDays>1</doNotContactApptDays>
              <doNotContactDefaultDays>3</doNotContactDefaultDays>
              <doNotContactPaymentDays>1</doNotContactPaymentDays>
              <doNotContactPTPDays>5</doNotContactPTPDays>
              <doNotContactRpcDays>5</doNotContactRpcDays>
              <doNotContactWUPTPDays>2</doNotContactWUPTPDays>
              <enablePaymentReminder>false</enablePaymentReminder>
              <enableProgramTrackingConfig>false</enableProgramTrackingConfig>
              <expressConsent>false</expressConsent>
              <flexSiteAutoLoadPrioritySurvey>true</flexSiteAutoLoadPrioritySurvey>
              <flexSiteSurveyAsPaymentConfirmation>false</flexSiteSurveyAsPaymentConfirmation>
              <flexSiteSurveyAsProgramConfirmation>false</flexSiteSurveyAsProgramConfirmation>
              <forcePromiseWithAcceptProgram>false</forcePromiseWithAcceptProgram>
              <minDaysCreateArrivalDatePromise>0</minDaysCreateArrivalDatePromise>
              <mraIndicator>false</mraIndicator>
              <offerRestrictionDays>0</offerRestrictionDays>
              <saveReminderEmail>false</saveReminderEmail>
              <sendMQRequest>false</sendMQRequest>
              <showApptComment>true</showApptComment>
              <speedBump>false</speedBump>
              <updateMraContactInformation>false</updateMraContactInformation>
              <allowAmericanExpress>true</allowAmericanExpress>
              <allowCredit>true</allowCredit>
              <allowDebit>true</allowDebit>
              <allowDinesClub>true</allowDinesClub>
              <allowDiscover>true</allowDiscover>
              <allowHotSpot>false</allowHotSpot>
              <allowJCB>true</allowJCB>
              <allowMasterCard>true</allowMasterCard>
              <allowSPOC>false</allowSPOC>
              <allowVisa>true</allowVisa>
              <apptEndDaysFromNow>30</apptEndDaysFromNow>
              <apptEndHoursFromNow>1</apptEndHoursFromNow>
              <apptEndTime>20:00</apptEndTime>
              <apptLanguages>English</apptLanguages>
              <apptStartDaysFromNow>0</apptStartDaysFromNow>
              <apptStartHoursFromNow>1</apptStartHoursFromNow>
              <apptStartTime>08:00</apptStartTime>
              <client>
                <name>Australian Credit Data</name>
              </client>
              <currencySymbol>$</currencySymbol>
              <defaultCountry>US</defaultCountry>
              <defaultPaymentReminderDays>15</defaultPaymentReminderDays>
              <description>Australian Credit Data</description>
              <duration>30</duration>
              <hours></hours>
              <industry>
                <industryName>Credit Card</industryName>
              </industry>
              <ivrAgentPhoneNum></ivrAgentPhoneNum>
              <ivrPhoneNum></ivrPhoneNum>
              <letterSignerName></letterSignerName>
              <loginCaptchaThreshold>3</loginCaptchaThreshold>
              <logoName></logoName>
              <minPayment>1.00</minPayment>
              <name>Australian Credit Data</name>
              <payableName></payableName>
              <paymentAddress1></paymentAddress1>
              <paymentAdvanceDays>90</paymentAdvanceDays>
              <paymentCity></paymentCity>
              <paymentCountry></paymentCountry>
              <paymentPostalCode></paymentPostalCode>
              <paymentProvince></paymentProvince>
              <paymentServiceProvider>
                <name>Dummy</name>
                <password>password</password>
                <processingFee>0.00</processingFee>
                <processorTimeOutMinutes>4</processorTimeOutMinutes>
                <retryConfirmDays>3</retryConfirmDays>
                <serviceUrl>No Need</serviceUrl>
                <userId>cmc</userId>
                <vendorId>1</vendorId>
              </paymentServiceProvider>
              <portfolioId>320001</portfolioId>
              <previewPaidPercentage>20.00000000</previewPaidPercentage>
              <processingFee>0.00</processingFee>
              <programFirstDueDate>0</programFirstDueDate>
              <returnAddress1></returnAddress1>
              <returnCity></returnCity>
              <returnCountry></returnCountry>
              <returnPostalCode></returnPostalCode>
              <returnProvince></returnProvince>
              <showCountry>false</showCountry>
              <theme>acd</theme>
              <timeZones>US/Eastern,US/Central,US/Mountain,US/Pacific</timeZones>
              <totalProgramShown>3</totalProgramShown>
              <webSiteUrl></webSiteUrl>
              <allowOverBalancePayment>false</allowOverBalancePayment>
              <allowEditTelephoneCountryCode>false</allowEditTelephoneCountryCode>
              <showCountryCode>false</showCountryCode>
            </Portfolio>
          </assignedPortfolioViews>
          <contentMode>HTML</contentMode>
          <contextType>account</contextType>
          <description></description>
          <friendlyName></friendlyName>
          <mailFrom>ssss@2.com</mailFrom>
          <mailSubject>ssss@2.com</mailSubject>
          <metaDataSet>
            <MetaData>
              <answerOptions/>
              <answerType>TextField</answerType>
              <dataType>Currency</dataType>
              <description></description>
              <displayOrder>1</displayOrder>
              <name>mf101</name>
              <questionText>货币</questionText>
              <required>true</required>
            </MetaData>
            <MetaData>
              <answerOptions/>
              <answerType>TextArea</answerType>
              <dataType>Percentage</dataType>
              <description></description>
              <displayOrder>2</displayOrder>
              <name>mf102</name>
              <questionText>百分比</questionText>
              <required>true</required>
            </MetaData>
          </metaDataSet>
          <name>document_qf</name>
          <replyToEmail></replyToEmail>
          <status>ENABLE</status>
          <statusSet>
            <DocumentStatus>
              <asDefault>true</asDefault>
              <documentStatusId>1</documentStatusId>
              <documentStatus>
                <createDate class="sql-timestamp">2009-07-13 00:00:00.0</createDate>
                <name>Waiting</name>
              </documentStatus>
              <documentStatusName>Waiting</documentStatusName>
              <flowPosition>INIT</flowPosition>
            </DocumentStatus>
            <DocumentStatus>
              <asDefault>false</asDefault>
              <documentStatusId>2</documentStatusId>
              <documentStatus>
                <createDate class="sql-timestamp">2009-07-13 00:00:00.0</createDate>
                <name>Received - OK</name>
              </documentStatus>
              <documentStatusName>Received - OK</documentStatusName>
              <flowPosition>MID</flowPosition>
            </DocumentStatus>
          </statusSet>
          <templateSet>
            <Template>
              <contentType>HTML</contentType>
              <locale>en-US</locale>
              <version>1</version>
              <content>wdwdwc eqweqcq qqwqecqsssssssssssssssss4</content>
            </Template>
            <Template>
              <contentType>HTML</contentType>
              <locale>es-SP</locale>
              <version>1</version>
              <content>wdwdwc eqweqcq qqwqecqsssssssssssssssss4</content>
            </Template>
          </templateSet>
          <uniqueId>1938002455</uniqueId>
          <variableSet/>
          <version>1</version>
        </documentView>
        <duplicateCount>0</duplicateCount>
        <endTime></endTime>
        <portfolioName>Australian Credit Data</portfolioName>
        <priority>1</priority>
        <runType></runType>
        <startTime></startTime>
        <targetAddressTypeConfigurationViews/>
        <targetEmailTypeConfigurations/>
        <targetEmailTypeConfigurationViews>
          <TargetEmailTypeConfiguration>
            <multiple>true</multiple>
            <priority>2</priority>
            <selected>true</selected>
            <emailTypeView>
              <name>WorkEmail</name>
              <priority>2</priority>
            </emailTypeView>
          </TargetEmailTypeConfiguration>
          <TargetEmailTypeConfiguration>
            <multiple>true</multiple>
            <priority>3</priority>
            <selected>true</selected>
            <emailTypeView>
              <name>OtherEmail</name>
              <priority>3</priority>
            </emailTypeView>
          </TargetEmailTypeConfiguration>
          <TargetEmailTypeConfiguration>
            <multiple>true</multiple>
            <priority>1</priority>
            <selected>true</selected>
            <emailTypeView>
              <name>HomeEmail</name>
              <priority>1</priority>
            </emailTypeView>
          </TargetEmailTypeConfiguration>
        </targetEmailTypeConfigurationViews>
        <targetMethod>multiple</targetMethod>
        <targetPhoneTypeConfigurations/>
        <targetPhoneTypeConfigurationViews/>
        <targetTypeConfigurations/>
        <templateType>email</templateType>
        <visible>true</visible>
      </com.ozstrategy.vo.ChannelActionView>
    </channelActions>
    <programActions/>
    <queueActions>
      <QueueAction>
        <description></description>
        <fixedPath>q2!706</fixedPath>
        <locked>false</locked>
        <name>q2</name>
        <path>q2!706</path>
        <visible>true</visible>
        <accountExportFiles/>
        <actionType>Queue</actionType>
        <duplicateCount>0</duplicateCount>
        <portfolioName>Australian Credit Data</portfolioName>
        <priority>2</priority>
        <queueAssignRoles/>
        <queueAssignUsers/>
        <queueFeatureRestrictions/>
        <queueSortings/>
        <userViews/>
        <roleViews/>
      </QueueAction>
    </queueActions>
    <reQueueActions/>
    <scoreActions/>
    <personaActions/>
    <rootNodes>
      <Node>
        <locked>false</locked>
        <name>Root</name>
        <asSub>false</asSub>
        <collapse>false</collapse>
        <level>0</level>
        <agencyAssignmentActionNames/>
        <agencyAssignmentActions/>
        <agentAssignmentActionNames/>
        <agentAssignmentActions/>
        <bizHashCode>1063058781</bizHashCode>
        <channelActionNames/>
        <channelActions/>
        <childNodes/>
        <childSubNodes/>
        <depth>0</depth>
        <exclusiveChild>false</exclusiveChild>
        <leftOver>false</leftOver>
        <nodes/>
        <personaActions/>
        <priority>1</priority>
        <programActionNames/>
        <programActions/>
        <queueActionNames>
          <name>q2</name>
        </queueActionNames>
        <queueActions/>
        <reQueueActionNames/>
        <scoreActionNames/>
        <scoreActions/>
        <valid>true</valid>
        <wholeChannelActions/>
        <strategyName>T11</strategyName>
        <nodeId>7</nodeId>
      </Node>
      <Node>
        <locked>false</locked>
        <name>Logout</name>
        <asSub>false</asSub>
        <collapse>false</collapse>
        <level>0</level>
        <agencyAssignmentActionNames>
          <name>Ex1</name>
        </agencyAssignmentActionNames>
        <agencyAssignmentActions/>
        <agentAssignmentActionNames/>
        <agentAssignmentActions/>
        <bizHashCode>-952956411</bizHashCode>
        <channelActionNames/>
        <channelActions/>
        <childNodes/>
        <childSubNodes/>
        <depth>0</depth>
        <exclusiveChild>false</exclusiveChild>
        <leftOver>false</leftOver>
        <nodes/>
        <personaActions/>
        <priority>1</priority>
        <programActionNames/>
        <programActions/>
        <queueActionNames/>
        <queueActions/>
        <reQueueActionNames/>
        <scoreActionNames/>
        <scoreActions/>
        <valid>true</valid>
        <wholeChannelActions/>
        <strategyName>Logout-1</strategyName>
        <nodeId>8</nodeId>
      </Node>
      <Node>
        <locked>false</locked>
        <name>Make a Payment</name>
        <asSub>false</asSub>
        <collapse>false</collapse>
        <level>0</level>
        <agencyAssignmentActionNames/>
        <agencyAssignmentActions/>
        <agentAssignmentActionNames/>
        <agentAssignmentActions/>
        <bizHashCode>1805804016</bizHashCode>
        <channelActionNames>
          <name>c1</name>
        </channelActionNames>
        <channelActions/>
        <childNodes/>
        <childSubNodes/>
        <depth>0</depth>
        <exclusiveChild>false</exclusiveChild>
        <leftOver>false</leftOver>
        <nodes/>
        <personaActions/>
        <priority>1</priority>
        <programActionNames/>
        <programActions/>
        <queueActionNames/>
        <queueActions/>
        <reQueueActionNames/>
        <scoreActionNames/>
        <scoreActions/>
        <valid>true</valid>
        <wholeChannelActions/>
        <strategyName>Make a Payment-2</strategyName>
        <nodeId>9</nodeId>
      </Node>
    </rootNodes>
    <nodeViews>
      <Node>
        <locked>false</locked>
        <name>Root</name>
        <asSub>false</asSub>
        <collapse>false</collapse>
        <level>0</level>
        <agencyAssignmentActionNames/>
        <agencyAssignmentActions/>
        <agentAssignmentActionNames/>
        <agentAssignmentActions/>
        <bizHashCode>1063058781</bizHashCode>
        <channelActionNames/>
        <channelActions/>
        <childNodes/>
        <childSubNodes/>
        <depth>0</depth>
        <exclusiveChild>false</exclusiveChild>
        <leftOver>false</leftOver>
        <nodes/>
        <personaActions/>
        <priority>1</priority>
        <programActionNames/>
        <programActions/>
        <queueActionNames>
          <name>q2</name>
        </queueActionNames>
        <queueActions/>
        <reQueueActionNames/>
        <scoreActionNames/>
        <scoreActions/>
        <valid>true</valid>
        <wholeChannelActions/>
        <strategyName>T11</strategyName>
        <nodeId>7</nodeId>
      </Node>
      <Node>
        <description></description>
        <locked>false</locked>
        <name>true</name>
        <asSub>false</asSub>
        <collapse>false</collapse>
        <level>1</level>
        <agencyAssignmentActionNames/>
        <agencyAssignmentActions/>
        <agentAssignmentActionNames/>
        <agentAssignmentActions/>
        <bizHashCode>-1389265801</bizHashCode>
        <channelActionNames>
          <name>c1</name>
        </channelActionNames>
        <channelActions/>
        <childNodes/>
        <childSubNodes/>
        <criteria>true</criteria>
        <depth>0</depth>
        <exclusiveChild>false</exclusiveChild>
        <leftOver>false</leftOver>
        <nodes/>
        <personaActions/>
        <priority>0</priority>
        <programActionNames/>
        <programActions/>
        <queueActionNames/>
        <queueActions/>
        <reQueueActionNames/>
        <scoreActionNames/>
        <scoreActions/>
        <valid>true</valid>
        <wholeChannelActions/>
        <parentNodeName>Root</parentNodeName>
        <strategyName>T11</strategyName>
        <parentNodeId>7</parentNodeId>
        <nodeId>10</nodeId>
      </Node>
      <Node>
        <description></description>
        <locked>false</locked>
        <name>Left Over</name>
        <asSub>false</asSub>
        <collapse>false</collapse>
        <level>1</level>
        <agencyAssignmentActionNames/>
        <agencyAssignmentActions/>
        <agentAssignmentActionNames/>
        <agentAssignmentActions/>
        <bizHashCode>452203758</bizHashCode>
        <channelActionNames/>
        <channelActions/>
        <childNodes/>
        <childSubNodes/>
        <criteria></criteria>
        <depth>0</depth>
        <exclusiveChild>false</exclusiveChild>
        <leftOver>true</leftOver>
        <nodes/>
        <personaActions/>
        <priority>2147483647</priority>
        <programActionNames/>
        <programActions/>
        <queueActionNames/>
        <queueActions/>
        <reQueueActionNames/>
        <scoreActionNames/>
        <scoreActions/>
        <valid>true</valid>
        <wholeChannelActions/>
        <parentNodeName>Root</parentNodeName>
        <strategyName>T11</strategyName>
        <parentNodeId>7</parentNodeId>
        <nodeId>11</nodeId>
      </Node>
      <Node>
        <locked>false</locked>
        <name>Make a Payment</name>
        <asSub>false</asSub>
        <collapse>false</collapse>
        <level>0</level>
        <agencyAssignmentActionNames/>
        <agencyAssignmentActions/>
        <agentAssignmentActionNames/>
        <agentAssignmentActions/>
        <bizHashCode>1805804016</bizHashCode>
        <channelActionNames>
          <name>c1</name>
        </channelActionNames>
        <channelActions/>
        <childNodes/>
        <childSubNodes/>
        <depth>0</depth>
        <exclusiveChild>false</exclusiveChild>
        <leftOver>false</leftOver>
        <nodes/>
        <personaActions/>
        <priority>1</priority>
        <programActionNames/>
        <programActions/>
        <queueActionNames/>
        <queueActions/>
        <reQueueActionNames/>
        <scoreActionNames/>
        <scoreActions/>
        <valid>true</valid>
        <wholeChannelActions/>
        <strategyName>Make a Payment-2</strategyName>
        <nodeId>9</nodeId>
      </Node>
      <Node>
        <locked>false</locked>
        <name>Logout</name>
        <asSub>false</asSub>
        <collapse>false</collapse>
        <level>0</level>
        <agencyAssignmentActionNames>
          <name>Ex1</name>
        </agencyAssignmentActionNames>
        <agencyAssignmentActions/>
        <agentAssignmentActionNames/>
        <agentAssignmentActions/>
        <bizHashCode>-952956411</bizHashCode>
        <channelActionNames/>
        <channelActions/>
        <childNodes/>
        <childSubNodes/>
        <depth>0</depth>
        <exclusiveChild>false</exclusiveChild>
        <leftOver>false</leftOver>
        <nodes/>
        <personaActions/>
        <priority>1</priority>
        <programActionNames/>
        <programActions/>
        <queueActionNames/>
        <queueActions/>
        <reQueueActionNames/>
        <scoreActionNames/>
        <scoreActions/>
        <valid>true</valid>
        <wholeChannelActions/>
        <strategyName>Logout-1</strategyName>
        <nodeId>8</nodeId>
      </Node>
      <Node>
        <description></description>
        <locked>false</locked>
        <name>false</name>
        <asSub>false</asSub>
        <collapse>false</collapse>
        <level>1</level>
        <agencyAssignmentActionNames>
          <name>Ex1</name>
        </agencyAssignmentActionNames>
        <agencyAssignmentActions/>
        <agentAssignmentActionNames/>
        <agentAssignmentActions/>
        <bizHashCode>-813371103</bizHashCode>
        <channelActionNames/>
        <channelActions/>
        <childNodes/>
        <childSubNodes/>
        <criteria>false</criteria>
        <depth>0</depth>
        <exclusiveChild>false</exclusiveChild>
        <leftOver>false</leftOver>
        <nodes/>
        <personaActions/>
        <priority>2</priority>
        <programActionNames/>
        <programActions/>
        <queueActionNames/>
        <queueActions/>
        <reQueueActionNames/>
        <scoreActionNames/>
        <scoreActions/>
        <valid>true</valid>
        <wholeChannelActions/>
        <parentNodeName>Root</parentNodeName>
        <strategyName>T11</strategyName>
        <parentNodeId>7</parentNodeId>
        <nodeId>12</nodeId>
      </Node>
    </nodeViews>
    <strategyViews>
      <Strategy>
        <description></description>
        <locked>false</locked>
        <name>Make a Payment-2</name>
        <scoreCard>false</scoreCard>
        <userData1></userData1>
        <context>responsible</context>
        <event>
          <locked>false</locked>
          <eventActivities>
            <EventActivity>
              <activityName>a_MakePaymentOrAcceptProgram</activityName>
              <webActivityChannels/>
              <webActivityChannelViews>
                <com.ozstrategy.vo.EventActivityChannelView>
                  <channelType>DEBTORSITE</channelType>
                </com.ozstrategy.vo.EventActivityChannelView>
                <com.ozstrategy.vo.EventActivityChannelView>
                  <channelType>AGENCY</channelType>
                </com.ozstrategy.vo.EventActivityChannelView>
              </webActivityChannelViews>
            </EventActivity>
          </eventActivities>
          <eventName>Make a Payment</eventName>
          <maxRetryCount>1</maxRetryCount>
          <portfolioName>Australian Credit Data</portfolioName>
          <portfolio>
            <acceptedProgramShortTerm>false</acceptedProgramShortTerm>
            <acceptProgramWithOutstandingPromise>false</acceptProgramWithOutstandingPromise>
            <active>true</active>
            <agentTimeZoneId>Australia/Sydney</agentTimeZoneId>
            <allowCallOnSaturday>false</allowCallOnSaturday>
            <allowCallOnSunday>false</allowCallOnSunday>
            <allowDynamicProgram>false</allowDynamicProgram>
            <allowMultiplePromises>false</allowMultiplePromises>
            <allowSplitPayment>false</allowSplitPayment>
            <allowSurvey>false</allowSurvey>
            <allowVisaDebit>true</allowVisaDebit>
            <allowVisaElectron>true</allowVisaElectron>
            <awAllowReacceptOffer>false</awAllowReacceptOffer>
            <awCancelOfferDeletePayment>false</awCancelOfferDeletePayment>
            <awDisplayAddressLine3>false</awDisplayAddressLine3>
            <awDisplayOffersDocuments>false</awDisplayOffersDocuments>
            <awDisplayOffersScore>false</awDisplayOffersScore>
            <awDisplayProvince>true</awDisplayProvince>
            <awInactiveAccountReadOnly>true</awInactiveAccountReadOnly>
            <awMaxDaysCreateFutureSendDateUnsecuredPromise>60</awMaxDaysCreateFutureSendDateUnsecuredPromise>
            <awMaxDaysCreatePastSendDateUnsecuredPromise>30</awMaxDaysCreatePastSendDateUnsecuredPromise>
            <awMaxDaysSendArrivalDateUnsecuredPromise>30</awMaxDaysSendArrivalDateUnsecuredPromise>
            <awReadOnly>false</awReadOnly>
            <cancelProgram>true</cancelProgram>
            <doNotContactApptDays>1</doNotContactApptDays>
            <doNotContactDefaultDays>3</doNotContactDefaultDays>
            <doNotContactPaymentDays>1</doNotContactPaymentDays>
            <doNotContactPTPDays>5</doNotContactPTPDays>
            <doNotContactRpcDays>5</doNotContactRpcDays>
            <doNotContactWUPTPDays>2</doNotContactWUPTPDays>
            <enablePaymentReminder>false</enablePaymentReminder>
            <enableProgramTrackingConfig>false</enableProgramTrackingConfig>
            <expressConsent>false</expressConsent>
            <flexSiteAutoLoadPrioritySurvey>true</flexSiteAutoLoadPrioritySurvey>
            <flexSiteSurveyAsPaymentConfirmation>false</flexSiteSurveyAsPaymentConfirmation>
            <flexSiteSurveyAsProgramConfirmation>false</flexSiteSurveyAsProgramConfirmation>
            <forcePromiseWithAcceptProgram>false</forcePromiseWithAcceptProgram>
            <minDaysCreateArrivalDatePromise>0</minDaysCreateArrivalDatePromise>
            <mraIndicator>false</mraIndicator>
            <offerRestrictionDays>0</offerRestrictionDays>
            <saveReminderEmail>false</saveReminderEmail>
            <sendMQRequest>false</sendMQRequest>
            <showApptComment>true</showApptComment>
            <speedBump>false</speedBump>
            <updateMraContactInformation>false</updateMraContactInformation>
            <allowAmericanExpress>true</allowAmericanExpress>
            <allowCredit>true</allowCredit>
            <allowDebit>true</allowDebit>
            <allowDinesClub>true</allowDinesClub>
            <allowDiscover>true</allowDiscover>
            <allowHotSpot>false</allowHotSpot>
            <allowJCB>true</allowJCB>
            <allowMasterCard>true</allowMasterCard>
            <allowSPOC>false</allowSPOC>
            <allowVisa>true</allowVisa>
            <apptEndDaysFromNow>30</apptEndDaysFromNow>
            <apptEndHoursFromNow>1</apptEndHoursFromNow>
            <apptEndTime>20:00</apptEndTime>
            <apptLanguages>English</apptLanguages>
            <apptStartDaysFromNow>0</apptStartDaysFromNow>
            <apptStartHoursFromNow>1</apptStartHoursFromNow>
            <apptStartTime>08:00</apptStartTime>
            <client>
              <name>Australian Credit Data</name>
            </client>
            <currencySymbol>$</currencySymbol>
            <defaultCountry>US</defaultCountry>
            <defaultPaymentReminderDays>15</defaultPaymentReminderDays>
            <description>Australian Credit Data</description>
            <duration>30</duration>
            <hours></hours>
            <industry>
              <industryName>Credit Card</industryName>
            </industry>
            <ivrAgentPhoneNum></ivrAgentPhoneNum>
            <ivrPhoneNum></ivrPhoneNum>
            <letterSignerName></letterSignerName>
            <loginCaptchaThreshold>3</loginCaptchaThreshold>
            <logoName></logoName>
            <minPayment>1.00</minPayment>
            <name>Australian Credit Data</name>
            <payableName></payableName>
            <paymentAddress1></paymentAddress1>
            <paymentAdvanceDays>90</paymentAdvanceDays>
            <paymentCity></paymentCity>
            <paymentCountry></paymentCountry>
            <paymentPostalCode></paymentPostalCode>
            <paymentProvince></paymentProvince>
            <paymentServiceProvider>
              <name>Dummy</name>
              <password>password</password>
              <processingFee>0.00</processingFee>
              <processorTimeOutMinutes>4</processorTimeOutMinutes>
              <retryConfirmDays>3</retryConfirmDays>
              <serviceUrl>No Need</serviceUrl>
              <userId>cmc</userId>
              <vendorId>1</vendorId>
            </paymentServiceProvider>
            <portfolioId>320001</portfolioId>
            <previewPaidPercentage>20.00000000</previewPaidPercentage>
            <processingFee>0.00</processingFee>
            <programFirstDueDate>0</programFirstDueDate>
            <returnAddress1></returnAddress1>
            <returnCity></returnCity>
            <returnCountry></returnCountry>
            <returnPostalCode></returnPostalCode>
            <returnProvince></returnProvince>
            <showCountry>false</showCountry>
            <theme>acd</theme>
            <timeZones>US/Eastern,US/Central,US/Mountain,US/Pacific</timeZones>
            <totalProgramShown>3</totalProgramShown>
            <webSiteUrl></webSiteUrl>
            <allowOverBalancePayment>false</allowOverBalancePayment>
            <allowEditTelephoneCountryCode>false</allowEditTelephoneCountryCode>
            <showCountryCode>false</showCountryCode>
          </portfolio>
          <synchronous>false</synchronous>
          <runMRA>false</runMRA>
        </event>
        <exclusiveChild>false</exclusiveChild>
        <foldSubNodes/>
        <foldSubNodesNames/>
        <layoutType>COMPACT_TREE</layoutType>
        <nodes/>
        <nodesNames>
          <name>Make a Payment</name>
        </nodesNames>
        <priority>2002</priority>
        <rootNode>
          <locked>false</locked>
          <name>Make a Payment</name>
          <asSub>false</asSub>
          <collapse>false</collapse>
          <level>0</level>
          <agencyAssignmentActionNames/>
          <agencyAssignmentActions/>
          <agentAssignmentActionNames/>
          <agentAssignmentActions/>
          <bizHashCode>1805804016</bizHashCode>
          <channelActionNames>
            <name>c1</name>
          </channelActionNames>
          <channelActions/>
          <childNodes/>
          <childSubNodes/>
          <depth>1</depth>
          <exclusiveChild>false</exclusiveChild>
          <leftOver>false</leftOver>
          <nodes/>
          <personaActions/>
          <priority>1</priority>
          <programActionNames/>
          <programActions/>
          <queueActionNames/>
          <queueActions/>
          <reQueueActionNames/>
          <scoreActionNames/>
          <scoreActions/>
          <valid>true</valid>
          <wholeChannelActions/>
          <strategyName>Make a Payment-2</strategyName>
          <nodeId>9</nodeId>
        </rootNode>
        <runTypeView>
          <runTypeName>Operational</runTypeName>
        </runTypeView>
        <type>Event</type>
      </Strategy>
      <Strategy>
        <description></description>
        <locked>false</locked>
        <name>T11</name>
        <scoreCard>false</scoreCard>
        <userData1></userData1>
        <context>responsible</context>
        <exclusiveChild>false</exclusiveChild>
        <foldSubNodes/>
        <foldSubNodesNames/>
        <layoutType>COMPACT_TREE</layoutType>
        <nodes/>
        <nodesNames>
          <name>Root</name>
          <name>true</name>
          <name>false</name>
          <name>Left Over</name>
        </nodesNames>
        <priority>1001</priority>
        <rootNode>
          <locked>false</locked>
          <name>Root</name>
          <asSub>false</asSub>
          <collapse>false</collapse>
          <level>0</level>
          <agencyAssignmentActionNames/>
          <agencyAssignmentActions/>
          <agentAssignmentActionNames/>
          <agentAssignmentActions/>
          <bizHashCode>1063058781</bizHashCode>
          <channelActionNames/>
          <channelActions/>
          <childNodes/>
          <childSubNodes/>
          <depth>1</depth>
          <exclusiveChild>false</exclusiveChild>
          <leftOver>false</leftOver>
          <nodes/>
          <personaActions/>
          <priority>1</priority>
          <programActionNames/>
          <programActions/>
          <queueActionNames>
            <name>q2</name>
          </queueActionNames>
          <queueActions/>
          <reQueueActionNames/>
          <scoreActionNames/>
          <scoreActions/>
          <valid>true</valid>
          <wholeChannelActions/>
          <strategyName>T11</strategyName>
          <nodeId>7</nodeId>
        </rootNode>
        <runTypeView>
          <runTypeName>Operational</runTypeName>
        </runTypeView>
        <type>General</type>
      </Strategy>
      <Strategy>
        <description></description>
        <locked>false</locked>
        <name>Logout-1</name>
        <scoreCard>false</scoreCard>
        <userData1></userData1>
        <context>responsible</context>
        <event>
          <locked>false</locked>
          <eventActivities>
            <EventActivity>
              <activityName>a_Logout</activityName>
              <webActivityChannels/>
              <webActivityChannelViews>
                <com.ozstrategy.vo.EventActivityChannelView>
                  <channelType>AGENCY</channelType>
                </com.ozstrategy.vo.EventActivityChannelView>
                <com.ozstrategy.vo.EventActivityChannelView>
                  <channelType>DEBTORSITE</channelType>
                </com.ozstrategy.vo.EventActivityChannelView>
              </webActivityChannelViews>
            </EventActivity>
          </eventActivities>
          <eventName>Logout</eventName>
          <maxRetryCount>1</maxRetryCount>
          <portfolioName>Australian Credit Data</portfolioName>
          <portfolio>
            <acceptedProgramShortTerm>false</acceptedProgramShortTerm>
            <acceptProgramWithOutstandingPromise>false</acceptProgramWithOutstandingPromise>
            <active>true</active>
            <agentTimeZoneId>Australia/Sydney</agentTimeZoneId>
            <allowCallOnSaturday>false</allowCallOnSaturday>
            <allowCallOnSunday>false</allowCallOnSunday>
            <allowDynamicProgram>false</allowDynamicProgram>
            <allowMultiplePromises>false</allowMultiplePromises>
            <allowSplitPayment>false</allowSplitPayment>
            <allowSurvey>false</allowSurvey>
            <allowVisaDebit>true</allowVisaDebit>
            <allowVisaElectron>true</allowVisaElectron>
            <awAllowReacceptOffer>false</awAllowReacceptOffer>
            <awCancelOfferDeletePayment>false</awCancelOfferDeletePayment>
            <awDisplayAddressLine3>false</awDisplayAddressLine3>
            <awDisplayOffersDocuments>false</awDisplayOffersDocuments>
            <awDisplayOffersScore>false</awDisplayOffersScore>
            <awDisplayProvince>true</awDisplayProvince>
            <awInactiveAccountReadOnly>true</awInactiveAccountReadOnly>
            <awMaxDaysCreateFutureSendDateUnsecuredPromise>60</awMaxDaysCreateFutureSendDateUnsecuredPromise>
            <awMaxDaysCreatePastSendDateUnsecuredPromise>30</awMaxDaysCreatePastSendDateUnsecuredPromise>
            <awMaxDaysSendArrivalDateUnsecuredPromise>30</awMaxDaysSendArrivalDateUnsecuredPromise>
            <awReadOnly>false</awReadOnly>
            <cancelProgram>true</cancelProgram>
            <doNotContactApptDays>1</doNotContactApptDays>
            <doNotContactDefaultDays>3</doNotContactDefaultDays>
            <doNotContactPaymentDays>1</doNotContactPaymentDays>
            <doNotContactPTPDays>5</doNotContactPTPDays>
            <doNotContactRpcDays>5</doNotContactRpcDays>
            <doNotContactWUPTPDays>2</doNotContactWUPTPDays>
            <enablePaymentReminder>false</enablePaymentReminder>
            <enableProgramTrackingConfig>false</enableProgramTrackingConfig>
            <expressConsent>false</expressConsent>
            <flexSiteAutoLoadPrioritySurvey>true</flexSiteAutoLoadPrioritySurvey>
            <flexSiteSurveyAsPaymentConfirmation>false</flexSiteSurveyAsPaymentConfirmation>
            <flexSiteSurveyAsProgramConfirmation>false</flexSiteSurveyAsProgramConfirmation>
            <forcePromiseWithAcceptProgram>false</forcePromiseWithAcceptProgram>
            <minDaysCreateArrivalDatePromise>0</minDaysCreateArrivalDatePromise>
            <mraIndicator>false</mraIndicator>
            <offerRestrictionDays>0</offerRestrictionDays>
            <saveReminderEmail>false</saveReminderEmail>
            <sendMQRequest>false</sendMQRequest>
            <showApptComment>true</showApptComment>
            <speedBump>false</speedBump>
            <updateMraContactInformation>false</updateMraContactInformation>
            <allowAmericanExpress>true</allowAmericanExpress>
            <allowCredit>true</allowCredit>
            <allowDebit>true</allowDebit>
            <allowDinesClub>true</allowDinesClub>
            <allowDiscover>true</allowDiscover>
            <allowHotSpot>false</allowHotSpot>
            <allowJCB>true</allowJCB>
            <allowMasterCard>true</allowMasterCard>
            <allowSPOC>false</allowSPOC>
            <allowVisa>true</allowVisa>
            <apptEndDaysFromNow>30</apptEndDaysFromNow>
            <apptEndHoursFromNow>1</apptEndHoursFromNow>
            <apptEndTime>20:00</apptEndTime>
            <apptLanguages>English</apptLanguages>
            <apptStartDaysFromNow>0</apptStartDaysFromNow>
            <apptStartHoursFromNow>1</apptStartHoursFromNow>
            <apptStartTime>08:00</apptStartTime>
            <client>
              <name>Australian Credit Data</name>
            </client>
            <currencySymbol>$</currencySymbol>
            <defaultCountry>US</defaultCountry>
            <defaultPaymentReminderDays>15</defaultPaymentReminderDays>
            <description>Australian Credit Data</description>
            <duration>30</duration>
            <hours></hours>
            <industry>
              <industryName>Credit Card</industryName>
            </industry>
            <ivrAgentPhoneNum></ivrAgentPhoneNum>
            <ivrPhoneNum></ivrPhoneNum>
            <letterSignerName></letterSignerName>
            <loginCaptchaThreshold>3</loginCaptchaThreshold>
            <logoName></logoName>
            <minPayment>1.00</minPayment>
            <name>Australian Credit Data</name>
            <payableName></payableName>
            <paymentAddress1></paymentAddress1>
            <paymentAdvanceDays>90</paymentAdvanceDays>
            <paymentCity></paymentCity>
            <paymentCountry></paymentCountry>
            <paymentPostalCode></paymentPostalCode>
            <paymentProvince></paymentProvince>
            <paymentServiceProvider>
              <name>Dummy</name>
              <password>password</password>
              <processingFee>0.00</processingFee>
              <processorTimeOutMinutes>4</processorTimeOutMinutes>
              <retryConfirmDays>3</retryConfirmDays>
              <serviceUrl>No Need</serviceUrl>
              <userId>cmc</userId>
              <vendorId>1</vendorId>
            </paymentServiceProvider>
            <portfolioId>320001</portfolioId>
            <previewPaidPercentage>20.00000000</previewPaidPercentage>
            <processingFee>0.00</processingFee>
            <programFirstDueDate>0</programFirstDueDate>
            <returnAddress1></returnAddress1>
            <returnCity></returnCity>
            <returnCountry></returnCountry>
            <returnPostalCode></returnPostalCode>
            <returnProvince></returnProvince>
            <showCountry>false</showCountry>
            <theme>acd</theme>
            <timeZones>US/Eastern,US/Central,US/Mountain,US/Pacific</timeZones>
            <totalProgramShown>3</totalProgramShown>
            <webSiteUrl></webSiteUrl>
            <allowOverBalancePayment>false</allowOverBalancePayment>
            <allowEditTelephoneCountryCode>false</allowEditTelephoneCountryCode>
            <showCountryCode>false</showCountryCode>
          </portfolio>
          <synchronous>false</synchronous>
          <runMRA>false</runMRA>
        </event>
        <exclusiveChild>false</exclusiveChild>
        <foldSubNodes/>
        <foldSubNodesNames/>
        <layoutType>COMPACT_TREE</layoutType>
        <nodes/>
        <nodesNames>
          <name>Logout</name>
        </nodesNames>
        <priority>2001</priority>
        <rootNode>
          <locked>false</locked>
          <name>Logout</name>
          <asSub>false</asSub>
          <collapse>false</collapse>
          <level>0</level>
          <agencyAssignmentActionNames>
            <name>Ex1</name>
          </agencyAssignmentActionNames>
          <agencyAssignmentActions/>
          <agentAssignmentActionNames/>
          <agentAssignmentActions/>
          <bizHashCode>-952956411</bizHashCode>
          <channelActionNames/>
          <channelActions/>
          <childNodes/>
          <childSubNodes/>
          <depth>1</depth>
          <exclusiveChild>false</exclusiveChild>
          <leftOver>false</leftOver>
          <nodes/>
          <personaActions/>
          <priority>1</priority>
          <programActionNames/>
          <programActions/>
          <queueActionNames/>
          <queueActions/>
          <reQueueActionNames/>
          <scoreActionNames/>
          <scoreActions/>
          <valid>true</valid>
          <wholeChannelActions/>
          <strategyName>Logout-1</strategyName>
          <nodeId>8</nodeId>
        </rootNode>
        <runTypeView>
          <runTypeName>Operational</runTypeName>
        </runTypeView>
        <type>Event</type>
      </Strategy>
    </strategyViews>
    <scheduleView>
      <description></description>
      <locked>false</locked>
      <name>qf Tree</name>
      <publishDate class="sql-timestamp">2015-06-26 10:35:26.0</publishDate>
      <publishUser>Heidi Garrison</publishUser>
      <retireUser></retireUser>
      <eventStrategies/>
      <generalStrategies/>
      <portfolioName>Australian Credit Data</portfolioName>
      <scheduleDate class="sql-timestamp">2015-06-26 00:00:00.0</scheduleDate>
      <scheduleStatus>DRAFT</scheduleStatus>
      <scoreCardStrategies/>
      <strategies/>
    </scheduleView>
    <generateAssignIdsViewSet>
      <GenerateAssignIds>
        <generatedTable>BaseNodeAction</generatedTable>
        <incrementValue>3</incrementValue>
        <initialStartValue>1</initialStartValue>
        <currentGeneratedId>799</currentGeneratedId>
      </GenerateAssignIds>
    </generateAssignIdsViewSet>
    <portfolioView>
      <acceptedProgramShortTerm>false</acceptedProgramShortTerm>
      <acceptProgramWithOutstandingPromise>false</acceptProgramWithOutstandingPromise>
      <active>true</active>
      <agentTimeZoneId>Australia/Sydney</agentTimeZoneId>
      <allowCallOnSaturday>false</allowCallOnSaturday>
      <allowCallOnSunday>false</allowCallOnSunday>
      <allowDynamicProgram>false</allowDynamicProgram>
      <allowMultiplePromises>false</allowMultiplePromises>
      <allowSplitPayment>false</allowSplitPayment>
      <allowSurvey>false</allowSurvey>
      <allowVisaDebit>true</allowVisaDebit>
      <allowVisaElectron>true</allowVisaElectron>
      <awAllowReacceptOffer>false</awAllowReacceptOffer>
      <awCancelOfferDeletePayment>false</awCancelOfferDeletePayment>
      <awDisplayAddressLine3>false</awDisplayAddressLine3>
      <awDisplayOffersDocuments>false</awDisplayOffersDocuments>
      <awDisplayOffersScore>false</awDisplayOffersScore>
      <awDisplayProvince>true</awDisplayProvince>
      <awInactiveAccountReadOnly>true</awInactiveAccountReadOnly>
      <awMaxDaysCreateFutureSendDateUnsecuredPromise>60</awMaxDaysCreateFutureSendDateUnsecuredPromise>
      <awMaxDaysCreatePastSendDateUnsecuredPromise>30</awMaxDaysCreatePastSendDateUnsecuredPromise>
      <awMaxDaysSendArrivalDateUnsecuredPromise>30</awMaxDaysSendArrivalDateUnsecuredPromise>
      <awReadOnly>false</awReadOnly>
      <cancelProgram>true</cancelProgram>
      <doNotContactApptDays>1</doNotContactApptDays>
      <doNotContactDefaultDays>3</doNotContactDefaultDays>
      <doNotContactPaymentDays>1</doNotContactPaymentDays>
      <doNotContactPTPDays>5</doNotContactPTPDays>
      <doNotContactRpcDays>5</doNotContactRpcDays>
      <doNotContactWUPTPDays>2</doNotContactWUPTPDays>
      <enablePaymentReminder>false</enablePaymentReminder>
      <enableProgramTrackingConfig>false</enableProgramTrackingConfig>
      <expressConsent>false</expressConsent>
      <flexSiteAutoLoadPrioritySurvey>true</flexSiteAutoLoadPrioritySurvey>
      <flexSiteSurveyAsPaymentConfirmation>false</flexSiteSurveyAsPaymentConfirmation>
      <flexSiteSurveyAsProgramConfirmation>false</flexSiteSurveyAsProgramConfirmation>
      <forcePromiseWithAcceptProgram>false</forcePromiseWithAcceptProgram>
      <minDaysCreateArrivalDatePromise>0</minDaysCreateArrivalDatePromise>
      <mraIndicator>false</mraIndicator>
      <offerRestrictionDays>0</offerRestrictionDays>
      <saveReminderEmail>false</saveReminderEmail>
      <sendMQRequest>false</sendMQRequest>
      <showApptComment>true</showApptComment>
      <speedBump>false</speedBump>
      <updateMraContactInformation>false</updateMraContactInformation>
      <allowAmericanExpress>true</allowAmericanExpress>
      <allowCredit>true</allowCredit>
      <allowDebit>true</allowDebit>
      <allowDinesClub>true</allowDinesClub>
      <allowDiscover>true</allowDiscover>
      <allowHotSpot>false</allowHotSpot>
      <allowJCB>true</allowJCB>
      <allowMasterCard>true</allowMasterCard>
      <allowSPOC>false</allowSPOC>
      <allowVisa>true</allowVisa>
      <apptEndDaysFromNow>30</apptEndDaysFromNow>
      <apptEndHoursFromNow>1</apptEndHoursFromNow>
      <apptEndTime>20:00</apptEndTime>
      <apptLanguages>English</apptLanguages>
      <apptStartDaysFromNow>0</apptStartDaysFromNow>
      <apptStartHoursFromNow>1</apptStartHoursFromNow>
      <apptStartTime>08:00</apptStartTime>
      <client>
        <name>Australian Credit Data</name>
      </client>
      <currencySymbol>$</currencySymbol>
      <defaultCountry>US</defaultCountry>
      <defaultPaymentReminderDays>15</defaultPaymentReminderDays>
      <description>Australian Credit Data</description>
      <duration>30</duration>
      <hours></hours>
      <industry>
        <industryName>Credit Card</industryName>
      </industry>
      <ivrAgentPhoneNum></ivrAgentPhoneNum>
      <ivrPhoneNum></ivrPhoneNum>
      <letterSignerName></letterSignerName>
      <loginCaptchaThreshold>3</loginCaptchaThreshold>
      <logoName></logoName>
      <minPayment>1.00</minPayment>
      <name>Australian Credit Data</name>
      <payableName></payableName>
      <paymentAddress1></paymentAddress1>
      <paymentAdvanceDays>90</paymentAdvanceDays>
      <paymentCity></paymentCity>
      <paymentCountry></paymentCountry>
      <paymentPostalCode></paymentPostalCode>
      <paymentProvince></paymentProvince>
      <paymentServiceProvider>
        <name>Dummy</name>
        <password>password</password>
        <processingFee>0.00</processingFee>
        <processorTimeOutMinutes>4</processorTimeOutMinutes>
        <retryConfirmDays>3</retryConfirmDays>
        <serviceUrl>No Need</serviceUrl>
        <userId>cmc</userId>
        <vendorId>1</vendorId>
      </paymentServiceProvider>
      <portfolioId>320001</portfolioId>
      <previewPaidPercentage>20.00000000</previewPaidPercentage>
      <processingFee>0.00</processingFee>
      <programFirstDueDate>0</programFirstDueDate>
      <returnAddress1></returnAddress1>
      <returnCity></returnCity>
      <returnCountry></returnCountry>
      <returnPostalCode></returnPostalCode>
      <returnProvince></returnProvince>
      <showCountry>false</showCountry>
      <theme>acd</theme>
      <timeZones>US/Eastern,US/Central,US/Mountain,US/Pacific</timeZones>
      <totalProgramShown>3</totalProgramShown>
      <webSiteUrl></webSiteUrl>
      <allowOverBalancePayment>false</allowOverBalancePayment>
      <allowEditTelephoneCountryCode>false</allowEditTelephoneCountryCode>
      <showCountryCode>false</showCountryCode>
    </portfolioView>
    <userViews/>
    <roleViews>
      <Role>
        <metaDataSet/>
        <agencyContactAddresses class="linked-hash-set"/>
        <agencyContactEmails class="linked-hash-set">
          <AgencyContactEmail>
            <emailAddress>cjalla@cmcagile.com</emailAddress>
            <emailType>
              <name>WorkEmail</name>
              <priority>2</priority>
            </emailType>
            <historical>true</historical>
            <roleName>ANZ bank</roleName>
          </AgencyContactEmail>
          <AgencyContactEmail>
            <emailAddress>jbarbour@cmcagile.com</emailAddress>
            <emailType>
              <name>WorkEmail</name>
              <priority>2</priority>
            </emailType>
            <historical>false</historical>
            <roleName>ANZ bank</roleName>
          </AgencyContactEmail>
          <AgencyContactEmail>
            <emailAddress>cjalla@cmcagile.com</emailAddress>
            <emailType>
              <name>HomeEmail</name>
              <priority>1</priority>
            </emailType>
            <historical>true</historical>
            <roleName>ANZ bank</roleName>
          </AgencyContactEmail>
          <AgencyContactEmail>
            <emailAddress>jbarbour@cmcagile.com</emailAddress>
            <emailType>
              <name>OtherEmail</name>
              <priority>3</priority>
            </emailType>
            <historical>false</historical>
            <roleName>ANZ bank</roleName>
          </AgencyContactEmail>
          <AgencyContactEmail>
            <emailAddress>cb1.acd@cmcagile.co.in</emailAddress>
            <emailType>
              <name>WorkEmail</name>
              <priority>2</priority>
            </emailType>
            <historical>true</historical>
            <roleName>ANZ bank</roleName>
          </AgencyContactEmail>
          <AgencyContactEmail>
            <emailAddress>cb1.acd@cmcagile.com</emailAddress>
            <emailType>
              <name>WorkEmail</name>
              <priority>2</priority>
            </emailType>
            <historical>true</historical>
            <roleName>ANZ bank</roleName>
          </AgencyContactEmail>
          <AgencyContactEmail>
            <emailAddress>jbarbour@cmcagile.com</emailAddress>
            <emailType>
              <name>HomeEmail</name>
              <priority>1</priority>
            </emailType>
            <historical>false</historical>
            <roleName>ANZ bank</roleName>
          </AgencyContactEmail>
        </agencyContactEmails>
        <agencyContactPhones class="linked-hash-set"/>
        <agentFunctions/>
        <bccFunctions/>
        <externalEntity>
          <externalEntityType>
            <active>true</active>
            <name>Credit Provider</name>
          </externalEntityType>
          <invoiceFrequencyType>Daily</invoiceFrequencyType>
          <taxId></taxId>
          <billingGroups class="linked-hash-set"/>
        </externalEntity>
        <deleted>false</deleted>
        <description></description>
        <displayName>Credit Bureau One</displayName>
        <features/>
        <functions/>
        <name>ANZ bank</name>
        <organizationLevel>0</organizationLevel>
        <organizationRole>false</organizationRole>
        <primaryContactFirstName></primaryContactFirstName>
        <primaryContactLastName></primaryContactLastName>
        <roleContexts/>
        <roleManagedPortfolios/>
        <roleType>
          <name>Agency</name>
        </roleType>
        <enabled>true</enabled>
      </Role>
    </roleViews>
    <bcStrategyViews/>
    <bcNodes/>
    <bcRootNodes/>
    <bcChannelActionViews/>
    <bcQueueActionViews/>
  </strategyScheduleView>
</Transplants>